Protocollo;Gruppo;DataOraIncidente;Localizzazione1;STRADA1;Localizzazione2;STRADA2;Strada02;Chilometrica;DaSpecificare;NaturaIncidente;particolaritastrade;TipoStrada;FondoStradale;Pavimentazione;Segnaletica;CondizioneAtmosferica;Traffico;Visibilita;Illuminazione;NUM_FERITI;NUM_RISERVATA;NUM_MORTI;NUM_ILLESI;Longitudine;Latitudine;Confermato;Progressivo;TipoVeicolo;StatoVeicolo;TipoPersona;Sesso;Tipolesione;Deceduto;DecedutoDopo;CinturaCascoUtilizzato;Airbag
1685542;1;08/06/2006 15:00;Strada Urbana;PIAZZALE UGO LA MALFA;all'intersezione con;VIA DELLA GRECA;VIA DELLA GRECA;;;Scontro laterale fra veicoli in marcia;Intersezione stradale segnalata;Una carreggiata a doppio senso;Asciutto;Asfaltata;Verticale ed orizzontale;Sereno;Intenso;Buona;Ore Diurne;0;0;0;3;;;-1;2;Autovettura privata;In marcia / fermata / arresto;Passeggero;M;Illeso;0;;Non accertato;Inesistente
1685543;1;08/06/2006 15:40;Strada Urbana;LUNGOTEVERE MARZIO;da specificare;;;;PROSSIMITA' P.ZA P.TO DI RIPETTA;Scontro laterale fra veicoli in marcia;Rettilineo;Una carreggiata a senso unico di marcia;Asciutto;Asfaltata;Verticale ed orizzontale;Sereno;Normale;Buona;Ore Diurne;0;0;0;2;;;-1;1;Autovettura privata;In marcia / fermata / arresto;Conducente;M;Illeso;0;;Non accertato;Inesploso
1685543;1;08/06/2006 15:40;Strada Urbana;LUNGOTEVERE MARZIO;da specificare;;;;PROSSIMITA' P.ZA P.TO DI RIPETTA;Scontro laterale fra veicoli in marcia;Rettilineo;Una carreggiata a senso unico di marcia;Asciutto;Asfaltata;Verticale ed orizzontale;Sereno;Normale;Buona;Ore Diurne;0;0;0;2;;;-1;2;Autocarro superiore 35 q.;In marcia / fermata / arresto;Conducente;M;Illeso;0;;Esente;Inesploso
1685544;1;08/06/2006 16:20;Strada Urbana;CORSO VITTORIO EMANUELE II;in corrispondenza;;del civico n. ;282;;Scontro frontale/laterale SX fra veicoli in marcia;Rettilineo;Una carreggiata a doppio senso;Asciutto;Asfaltata;Verticale ed orizzontale;Sereno;Normale;Buona;Ore Diurne;1;0;0;1;;;-1;1;Autovettura pubblica;In marcia / fermata / arresto;Conducente;M;Illeso;0;;Non accertato;Inesploso
1685544;1;08/06/2006 16:20;Strada Urbana;CORSO VITTORIO EMANUELE II;in corrispondenza;;del civico n. ;282;;Scontro frontale/laterale SX fra veicoli in marcia;Rettilineo;Una carreggiata a doppio senso;Asciutto;Asfaltata;Verticale ed orizzontale;Sereno;Normale;Buona;Ore Diurne;1;0;0;1;;;-1;2;Motociclo a solo;In marcia / fermata / arresto;Conducente;M;Rimandato;0;NON DECEDUTO;Non accertato;Inesistente
1685545;1;08/06/2006 18:35;Strada Urbana;VIA DELL'AMBA ARADAM;in prossimità;;del civico n. ;10;;Tamponamento;Rettilineo;Due carreggiate;Asciutto;Asfaltata;Orizzontale;Sereno;Intenso;Buona;Ore Diurne;0;0;0;2;;;-1;1;Autovettura privata;In marcia / fermata / arresto;Conducente;M;Illeso;0;;Non accertato;Inesistente
1685545;1;08/06/2006 18:35;Strada Urbana;VIA DELL'AMBA ARADAM;in prossimità;;del civico n. ;10;;Tamponamento;Rettilineo;Due carreggiate;Asciutto;Asfaltata;Orizzontale;Sereno;Intenso;Buona;Ore Diurne;0;0;0;2;;;-1;2;Autovettura privata;In marcia / fermata / arresto;Conducente;M;Illeso;0;;Non accertato;Inesploso
1685546;1;08/06/2006 18:50;Strada Urbana;LARGO GIOVANNI BATTISTA MARZI;in prossimità;;del palo luce n. ;27;;Tamponamento;Rettilineo;Una carreggiata a doppio senso;Asciutto;Asfaltata;Verticale ed orizzontale;Sereno;Intenso;Buona;Ore Diurne;1;0;0;1;;;-1;1;Autovettura privata;In marcia / fermata / arresto;Conducente;M;Illeso;0;;Non accertato;Inesistente
1685546;1;08/06/2006 18:50;Strada Urbana;LARGO GIOVANNI BATTISTA MARZI;in prossimità;;del palo luce n. ;27;;Tamponamento;Rettilineo;Una carreggiata a doppio senso;Asciutto;Asfaltata;Verticale ed orizzontale;Sereno;Intenso;Buona;Ore Diurne;1;0;0;1;;;-1;2;Velocipede;In marcia / fermata / arresto;Conducente;M;Rimandato;0;NON DECEDUTO;Esente;Inesistente
1685547;1;08/06/2006 19:50;Strada Urbana;VIA CRISTOFORO COLOMBO;da specificare;;;;PROSSIMITA' V.LE DI P.TA ARDEATINA;Veicolo in marcia contro ostacolo accidentale;Rettilineo;Una carreggiata a senso unico di marcia;Viscido da liquidi oleosi;Asfaltata;Verticale ed orizzontale;Sereno;Normale;Buona;Sufficiente;1;0;0;0;;;-1;1;Ciclomotore;In marcia / fermata / arresto;Conducente;F;Rimandato;0;NON DECEDUTO;Non accertato;Inesistente
1685549;1;09/06/2006 01:00;Strada Urbana;LARGO BRANCACCIO;all'intersezione semaforizzata con;VIA MERULANA;VIA MERULANA;;;Scontro frontale/laterale SX fra veicoli in marcia;Intersezione semaforizzata;Una carreggiata a doppio senso;Asciutto;Asfaltata;Verticale ed orizzontale;Sereno;Scarso;Buona;Sufficiente;1;0;0;3;;;-1;1;Autocarro inferiore 35 q.;In marcia / fermata / arresto;Conducente;M;Rimandato;0;NON DECEDUTO;Non accertato;Inesploso
1685549;1;09/06/2006 01:00;Strada Urbana;LARGO BRANCACCIO;all'intersezione semaforizzata con;VIA MERULANA;VIA MERULANA;;;Scontro frontale/laterale SX fra veicoli in marcia;Intersezione semaforizzata;Una carreggiata a doppio senso;Asciutto;Asfaltata;Verticale ed orizzontale;Sereno;Scarso;Buona;Sufficiente;1;0;0;3;;;-1;2;Autovettura privata;In marcia / fermata / arresto;Conducente;M;Illeso;0;;Non accertato;Inesistente
1685549;1;09/06/2006 01:00;Strada Urbana;LARGO BRANCACCIO;all'intersezione semaforizzata con;VIA MERULANA;VIA MERULANA;;;Scontro frontale/laterale SX fra veicoli in marcia;Intersezione semaforizzata;Una carreggiata a doppio senso;Asciutto;Asfaltata;Verticale ed orizzontale;Sereno;Scarso;Buona;Sufficiente;1;0;0;3;;;-1;2;Autovettura privata;In marcia / fermata / arresto;Passeggero;F;Illeso;0;;Non accertato;Inesistente
1685549;1;09/06/2006 01:00;Strada Urbana;LARGO BRANCACCIO;all'intersezione semaforizzata con;VIA MERULANA;VIA MERULANA;;;Scontro frontale/laterale SX fra veicoli in marcia;Intersezione semaforizzata;Una carreggiata a doppio senso;Asciutto;Asfaltata;Verticale ed orizzontale;Sereno;Scarso;Buona;Sufficiente;1;0;0;3;;;-1;2;Autovettura privata;In marcia / fermata / arresto;Passeggero;M;Illeso;0;;Non accertato;Inesistente
1685550;1;09/06/2006 01:45;Strada Urbana;PIAZZA VIDONI;all'intersezione con;VIA DEL SUDARIO;VIA DEL SUDARIO;;;Ribaltamento senza urto contro ostacolo fisso;Incrocio;Una carreggiata a senso unico di marcia;Asciutto;Acciotolata;Verticale ed orizzontale;Sereno;Scarso;Buona;Sufficiente;0;0;0;2;;;-1;1;Motociclo a solo;In marcia / fermata / arresto;Conducente;M;Illeso;0;;Utilizzato;Inesistente
1685550;1;09/06/2006 01:45;Strada Urbana;PIAZZA VIDONI;all'intersezione con;VIA DEL SUDARIO;VIA DEL SUDARIO;;;Ribaltamento senza urto contro ostacolo fisso;Incrocio;Una carreggiata a senso unico di marcia;Asciutto;Acciotolata;Verticale ed orizzontale;Sereno;Scarso;Buona;Sufficiente;0;0;0;2;;;-1;2;Macchina operatrice;In marcia / fermata / arresto;Conducente;M;Illeso;0;;Esente;Inesistente
1685551;1;09/06/2006 03:00;Strada Urbana;LUNGOTEVERE GIANICOLENSE;all'intersezione con;PONTE GIUSEPPE MAZZINI;PONTE GIUSEPPE MAZZINI;;;Scontro laterale fra veicoli in marcia;Intersezione semaforizzata;Una carreggiata a senso unico di marcia;Asciutto;Asfaltata;Verticale ed orizzontale;Sereno;Scarso;Buona;Sufficiente;0;0;0;2;;;-1;1;Autovettura privata;In marcia / fermata / arresto;Conducente;M;Illeso;0;;Non accertato;Inesploso
1685551;1;09/06/2006 03:00;Strada Urbana;LUNGOTEVERE GIANICOLENSE;all'intersezione con;PONTE GIUSEPPE MAZZINI;PONTE GIUSEPPE MAZZINI;;;Scontro laterale fra veicoli in marcia;Intersezione semaforizzata;Una carreggiata a senso unico di marcia;Asciutto;Asfaltata;Verticale ed orizzontale;Sereno;Scarso;Buona;Sufficiente;0;0;0;2;;;-1;2;Autovettura privata;In marcia / fermata / arresto;Conducente;M;Illeso;0;;Non accertato;Inesploso
1685552;1;09/06/2006 06:55;Strada Urbana;PIAZZA DI S. GIOVANNI IN LATERANO;all'intersezione con;VIA DELL'AMBA ARADAM;VIA DELL'AMBA ARADAM;;;Scontro laterale fra veicoli in marcia;Intersezione stradale segnalata;Una carreggiata a doppio senso;Asciutto;Asfaltata;Verticale ed orizzontale;Sereno;Intenso;Buona;Ore Diurne;1;0;0;1;;;-1;1;Autovettura privata;In marcia / fermata / arresto;Conducente;M;Illeso;0;;Non accertato;Inesistente
1685552;1;09/06/2006 06:55;Strada Urbana;PIAZZA DI S. GIOVANNI IN LATERANO;all'intersezione con;VIA DELL'AMBA ARADAM;VIA DELL'AMBA ARADAM;;;Scontro laterale fra veicoli in marcia;Intersezione stradale segnalata;Una carreggiata a doppio senso;Asciutto;Asfaltata;Verticale ed orizzontale;Sereno;Intenso;Buona;Ore Diurne;1;0;0;1;;;-1;2;Motociclo a solo;In marcia / fermata / arresto;Conducente;M;Rimandato;0;NON DECEDUTO;Non accertato;Inesistente
1685553;1;09/06/2006 09:00;Strada Urbana;VIALE GIOTTO;all'intersezione con;VIA BRAMANTE;VIA BRAMANTE;;;Scontro frontale/laterale SX fra veicoli in marcia;Incrocio;Una carreggiata a doppio senso;Asciutto;Asfaltata;Verticale ed orizzontale;Sereno;Scarso;Buona;Ore Diurne;1;0;0;3;;;-1;1;Autovettura privata;In marcia / fermata / arresto;Conducente;F;Illeso;0;;Non accertato;Inesploso
1685553;1;09/06/2006 09:00;Strada Urbana;VIALE GIOTTO;all'intersezione con;VIA BRAMANTE;VIA BRAMANTE;;;Scontro frontale/laterale SX fra veicoli in marcia;Incrocio;Una carreggiata a doppio senso;Asciutto;Asfaltata;Verticale ed orizzontale;Sereno;Scarso;Buona;Ore Diurne;1;0;0;3;;;-1;1;Autovettura privata;In marcia / fermata / arresto;Passeggero;F;Illeso;0;;Non accertato;Inesploso
1685553;1;09/06/2006 09:00;Strada Urbana;VIALE GIOTTO;all'intersezione con;VIA BRAMANTE;VIA BRAMANTE;;;Scontro frontale/laterale SX fra veicoli in marcia;Incrocio;Una carreggiata a doppio senso;Asciutto;Asfaltata;Verticale ed orizzontale;Sereno;Scarso;Buona;Ore Diurne;1;0;0;3;;;-1;1;Autovettura privata;In marcia / fermata / arresto;Passeggero;F;Illeso;0;;Non accertato;Inesploso
1685553;1;09/06/2006 09:00;Strada Urbana;VIALE GIOTTO;all'intersezione con;VIA BRAMANTE;VIA BRAMANTE;;;Scontro frontale/laterale SX fra veicoli in marcia;Incrocio;Una carreggiata a doppio senso;Asciutto;Asfaltata;Verticale ed orizzontale;Sereno;Scarso;Buona;Ore Diurne;1;0;0;3;;;-1;2;Motociclo a solo;In marcia / fermata / arresto;Conducente;M;Rifiuta cure immediate;0;NON DECEDUTO;Non accertato;Inesistente
1685554;1;09/06/2006 12:50;Strada Urbana;VIA SISTINA;in corrispondenza;;del civico n. ;136;;Veicolo in marcia contro ostacolo accidentale;Rettilineo;Una carreggiata a senso unico di marcia;Viscido da liquidi oleosi;Acciotolata;Verticale ed orizzontale;Sereno;Normale;Buona;Ore Diurne;2;0;0;0;;;-1;1;Ciclomotore;In marcia / fermata / arresto;Conducente;M;Rimandato;0;NON DECEDUTO;Utilizzato;Inesistente
1685554;1;09/06/2006 12:50;Strada Urbana;VIA SISTINA;in corrispondenza;;del civico n. ;136;;Veicolo in marcia contro ostacolo accidentale;Rettilineo;Una carreggiata a senso unico di marcia;Viscido da liquidi oleosi;Acciotolata;Verticale ed orizzontale;Sereno;Normale;Buona;Ore Diurne;2;0;0;0;;;-1;1;Ciclomotore;In marcia / fermata / arresto;Passeggero;F;Rimandato;0;NON DECEDUTO;Utilizzato;Inesistente
1685555;1;09/06/2006 16:40;Strada Urbana;PIAZZA DEL COLOSSEO;in prossimità;;del civico n. ;11;;Investimento di pedone;Rettilineo;Una carreggiata a doppio senso;Asciutto;Asfaltata;Verticale ed orizzontale;Sereno;Normale;Buona;Ore Diurne;1;0;0;1;;;-1;;;;Pedone;F;Rimandato;0;NON DECEDUTO;;
1685555;1;09/06/2006 16:40;Strada Urbana;PIAZZA DEL COLOSSEO;in prossimità;;del civico n. ;11;;Investimento di pedone;Rettilineo;Una carreggiata a doppio senso;Asciutto;Asfaltata;Verticale ed orizzontale;Sereno;Normale;Buona;Ore Diurne;1;0;0;1;;;-1;1;Autovettura privata;In marcia / fermata / arresto;Conducente;M;Illeso;0;;Non accertato;Inesistente
1685556;1;09/06/2006 17:05;Strada Urbana;VIA SICILIA;all'intersezione con;VIA TOSCANA;VIA TOSCANA;;;Scontro frontale/laterale DX fra veicoli in marcia;Incrocio;Una carreggiata a senso unico di marcia;Asciutto;Asfaltata;Verticale ed orizzontale;Sereno;Normale;Buona;Ore Diurne;2;0;0;1;;;-1;1;Autovettura privata;In marcia / fermata / arresto;Conducente;M;Illeso;0;;Non accertato;Inesistente
1685556;1;09/06/2006 17:05;Strada Urbana;VIA SICILIA;all'intersezione con;VIA TOSCANA;VIA TOSCANA;;;Scontro frontale/laterale DX fra veicoli in marcia;Incrocio;Una carreggiata a senso unico di marcia;Asciutto;Asfaltata;Verticale ed orizzontale;Sereno;Normale;Buona;Ore Diurne;2;0;0;1;;;-1;2;Motociclo con passeggero;In marcia / fermata / arresto;Conducente;M;Rimandato;0;NON DECEDUTO;Non accertato;Inesistente
1685556;1;09/06/2006 17:05;Strada Urbana;VIA SICILIA;all'intersezione con;VIA TOSCANA;VIA TOSCANA;;;Scontro frontale/laterale DX fra veicoli in marcia;Incrocio;Una carreggiata a senso unico di marcia;Asciutto;Asfaltata;Verticale ed orizzontale;Sereno;Normale;Buona;Ore Diurne;2;0;0;1;;;-1;2;Motociclo con passeggero;In marcia / fermata / arresto;Passeggero;M;Rimandato;0;NON DECEDUTO;Non accertato;Inesistente
1685557;1;09/06/2006 18:00;Strada Urbana;VIA CONTE VERDE;all'intersezione semaforizzata con;VIALE MANZONI;VIALE MANZONI;;;Scontro frontale/laterale DX fra veicoli in marcia;Intersezione semaforizzata;Una carreggiata a doppio senso;Asciutto;Asfaltata;Verticale ed orizzontale;Sereno;Normale;Buona;Ore Diurne;3;0;0;0;;;-1;1;Motociclo con passeggero;In marcia / fermata / arresto;Conducente;M;Rimandato;0;NON DECEDUTO;Utilizzato;Inesistente
1685557;1;09/06/2006 18:00;Strada Urbana;VIA CONTE VERDE;all'intersezione semaforizzata con;VIALE MANZONI;VIALE MANZONI;;;Scontro frontale/laterale DX fra veicoli in marcia;Intersezione semaforizzata;Una carreggiata a doppio senso;Asciutto;Asfaltata;Verticale ed orizzontale;Sereno;Normale;Buona;Ore Diurne;3;0;0;0;;;-1;1;Motociclo con passeggero;In marcia / fermata / arresto;Passeggero;M;Rimandato;0;NON DECEDUTO;Utilizzato;Inesistente
1685557;1;09/06/2006 18:00;Strada Urbana;VIA CONTE VERDE;all'intersezione semaforizzata con;VIALE MANZONI;VIALE MANZONI;;;Scontro frontale/laterale DX fra veicoli in marcia;Intersezione semaforizzata;Una carreggiata a doppio senso;Asciutto;Asfaltata;Verticale ed orizzontale;Sereno;Normale;Buona;Ore Diurne;3;0;0;0;;;-1;2;Motociclo a solo;In marcia / fermata / arresto;Conducente;M;Rimandato;0;NON DECEDUTO;Utilizzato;Inesistente
1685558;1;09/06/2006 19:15;Strada Urbana;VIA NAZIONALE;in corrispondenza;;del civico n. ;40;;Investimento di pedone;Rettilineo;Una carreggiata a doppio senso;Asciutto;Acciotolata;Verticale ed orizzontale;Nuvoloso;Normale;Buona;Ore Diurne;1;0;0;1;;;-1;;;;Pedone;M;Rimandato;0;NON DECEDUTO;;
1685558;1;09/06/2006 19:15;Strada Urbana;VIA NAZIONALE;in corrispondenza;;del civico n. ;40;;Investimento di pedone;Rettilineo;Una carreggiata a doppio senso;Asciutto;Acciotolata;Verticale ed orizzontale;Nuvoloso;Normale;Buona;Ore Diurne;1;0;0;1;;;-1;1;Autovettura privata;In marcia / fermata / arresto;Conducente;M;Illeso;0;;Utilizzato;Inesploso
1685559;1;09/06/2006 21:30;Strada Urbana;VIA SEBASTIANO GRANDIS;all'intersezione con;VIA ELENIANA;VIA ELENIANA;;;Scontro laterale fra veicoli in marcia;Incrocio;Una carreggiata a senso unico di marcia;Asciutto;Asfaltata;Verticale ed orizzontale;Sereno;Normale;Buona;Sufficiente;0;0;0;2;;;-1;1;Autocarro inferiore 35 q.;In marcia / fermata / arresto;Conducente;M;Illeso;0;;Utilizzato;Inesistente
1685559;1;09/06/2006 21:30;Strada Urbana;VIA SEBASTIANO GRANDIS;all'intersezione con;VIA ELENIANA;VIA ELENIANA;;;Scontro laterale fra veicoli in marcia;Incrocio;Una carreggiata a senso unico di marcia;Asciutto;Asfaltata;Verticale ed orizzontale;Sereno;Normale;Buona;Sufficiente;0;0;0;2;;;-1;2;Autovettura privata;In marcia / fermata / arresto;Conducente;F;Illeso;0;;Utilizzato;Inesploso
1685560;1;09/06/2006 23:30;Strada Urbana;VIA DELLA PENNA;all'intersezione con;VIA MARIA ADELAIDE;VIA MARIA ADELAIDE;;;Tamponamento;Intersezione stradale segnalata;Una carreggiata a senso unico di marcia;Asciutto;Acciotolata;Verticale ed orizzontale;Sereno;Scarso;Buona;Sufficiente;0;0;0;2;;;-1;1;Autovettura privata;In marcia / fermata / arresto;Conducente;M;Illeso;0;;Utilizzato;Inesploso
1685560;1;09/06/2006 23:30;Strada Urbana;VIA DELLA PENNA;all'intersezione con;VIA MARIA ADELAIDE;VIA MARIA ADELAIDE;;;Tamponamento;Intersezione stradale segnalata;Una carreggiata a senso unico di marcia;Asciutto;Acciotolata;Verticale ed orizzontale;Sereno;Scarso;Buona;Sufficiente;0;0;0;2;;;-1;2;Autovettura privata;In marcia / fermata / arresto;Conducente;M;Illeso;0;;Utilizzato;Inesploso
1685562;1;12/06/2006 16:35;Strada Urbana;PIAZZA DI S. GIOVANNI IN LATERANO;da specificare;;;;PROSSIMITA' SCALA SANTA;Infortunio per sola frenata improvvisa;Rettilineo;Una carreggiata a doppio senso;Asciutto;Asfaltata;Verticale ed orizzontale;Sereno;Normale;Buona;Ore Diurne;0;0;0;2;;;-1;1;Motociclo a solo;In marcia / fermata / arresto;Conducente;M;Illeso;0;;Utilizzato;Inesistente
1685562;1;12/06/2006 16:35;Strada Urbana;PIAZZA DI S. GIOVANNI IN LATERANO;da specificare;;;;PROSSIMITA' SCALA SANTA;Infortunio per sola frenata improvvisa;Rettilineo;Una carreggiata a doppio senso;Asciutto;Asfaltata;Verticale ed orizzontale;Sereno;Normale;Buona;Ore Diurne;0;0;0;2;;;-1;2;Autovettura privata;In marcia / fermata / arresto;Conducente;F;Illeso;0;;Utilizzato;Inesploso
1685563;1;12/06/2006 20:20;Strada Urbana;LUNGOTEVERE DEGLI ALTOVITI;all'intersezione con;VIA PAOLA;VIA PAOLA;;;Scontro laterale fra veicoli in marcia;Intersezione stradale segnalata;Una carreggiata a senso unico di marcia;Asciutto;Asfaltata;Verticale ed orizzontale;Sereno;Normale;Sufficiente;Ore Diurne;1;0;0;1;;;-1;1;Autovettura privata;In marcia / fermata / arresto;Conducente;M;Illeso;0;;Non accertato;Inesistente
1685563;1;12/06/2006 20:20;Strada Urbana;LUNGOTEVERE DEGLI ALTOVITI;all'intersezione con;VIA PAOLA;VIA PAOLA;;;Scontro laterale fra veicoli in marcia;Intersezione stradale segnalata;Una carreggiata a senso unico di marcia;Asciutto;Asfaltata;Verticale ed orizzontale;Sereno;Normale;Sufficiente;Ore Diurne;1;0;0;1;;;-1;2;Motociclo a solo;In marcia / fermata / arresto;Conducente;F;Rimandato;0;NON DECEDUTO;Non accertato;Inesistente
1685564;1;13/06/2006 22:20;Strada Urbana;VIALE CARLO FELICE;in prossimità;;del civico n. ;29;;Tamponamento;Rettilineo;Due carreggiate;Asciutto;Asfaltata;Verticale ed orizzontale;Sereno;Scarso;Buona;Sufficiente;0;0;0;2;;;-1;1;Autovettura privata;In marcia / fermata / arresto;Conducente;M;Illeso;0;;Utilizzato;Inesploso
1685564;1;13/06/2006 22:20;Strada Urbana;VIALE CARLO FELICE;in prossimità;;del civico n. ;29;;Tamponamento;Rettilineo;Due carreggiate;Asciutto;Asfaltata;Verticale ed orizzontale;Sereno;Scarso;Buona;Sufficiente;0;0;0;2;;;-1;2;Autovettura privata;In marcia / fermata / arresto;Conducente;F;Illeso;0;;Utilizzato;Inesploso
1685565;1;14/06/2006 08:15;Strada Urbana;LUNGOTEVERE IN AUGUSTA;da specificare;;;;CORRISPONDENZA PASSEGGIATA DI RIPETTA;Scontro laterale fra veicoli in marcia;Rettilineo;Una carreggiata a senso unico di marcia;Asciutto;Asfaltata;Verticale ed orizzontale;Sereno;Normale;Buona;Ore Diurne;0;0;0;2;;;-1;1;Autovettura privata;In marcia / fermata / arresto;Conducente;F;Illeso;0;;Utilizzato;Inesploso
1685565;1;14/06/2006 08:15;Strada Urbana;LUNGOTEVERE IN AUGUSTA;da specificare;;;;CORRISPONDENZA PASSEGGIATA DI RIPETTA;Scontro laterale fra veicoli in marcia;Rettilineo;Una carreggiata a senso unico di marcia;Asciutto;Asfaltata;Verticale ed orizzontale;Sereno;Normale;Buona;Ore Diurne;0;0;0;2;;;-1;2;Autovettura privata;In marcia / fermata / arresto;Conducente;F;Illeso;0;;Utilizzato;Inesploso
1685566;2;02/06/2006 11:00;Strada Urbana;VIA ULISSE ALDROVANDI;in prossimità;;del civico n. ;3;;Ribaltamento senza urto contro ostacolo fisso;Rettilineo;Una carreggiata a doppio senso;Asciutto;Asfaltata;Orizzontale;Sereno;Normale;Buona;Ore Diurne;1;0;0;0;;;-1;1;Velocipede;In marcia / fermata / arresto;Conducente;M;Ricoverato;0;NON DECEDUTO;Non accertato;Inesistente
1685567;2;09/06/2006 10:30;Strada Urbana;VIALE REGINA MARGHERITA;all'intersezione semaforizzata con;VIA SAVOIA;VIA SAVOIA;;;Scontro laterale fra veicoli in marcia;Intersezione semaforizzata;Due carreggiate;Asciutto;Asfaltata;Verticale ed orizzontale;Sereno;Normale;Buona;Ore Diurne;1;0;0;1;;;-1;1;Ciclomotore;In marcia / fermata / arresto;Conducente;M;Rimandato;0;NON DECEDUTO;Non accertato;Inesistente
1685567;2;09/06/2006 10:30;Strada Urbana;VIALE REGINA MARGHERITA;all'intersezione semaforizzata con;VIA SAVOIA;VIA SAVOIA;;;Scontro laterale fra veicoli in marcia;Intersezione semaforizzata;Due carreggiate;Asciutto;Asfaltata;Verticale ed orizzontale;Sereno;Normale;Buona;Ore Diurne;1;0;0;1;;;-1;2;Autovettura di polizia;In marcia / fermata / arresto;Conducente;M;Illeso;0;;Non accertato;Inesistente
1685568;2;13/06/2006 10:15;Strada Urbana;PIAZZA ACILIA;all'intersezione con;VIA NEMORENSE;VIA NEMORENSE;;;Veicolo in marcia contro veicolo fermo;Incrocio;Una carreggiata a doppio senso;Asciutto;Asfaltata;Verticale ed orizzontale;Sereno;Normale;Buona;Ore Diurne;0;0;0;3;;;-1;1;Autovettura privata;In marcia / fermata / arresto;Conducente;F;Illeso;0;;Non accertato;Inesploso
1685568;2;13/06/2006 10:15;Strada Urbana;PIAZZA ACILIA;all'intersezione con;VIA NEMORENSE;VIA NEMORENSE;;;Veicolo in marcia contro veicolo fermo;Incrocio;Una carreggiata a doppio senso;Asciutto;Asfaltata;Verticale ed orizzontale;Sereno;Normale;Buona;Ore Diurne;0;0;0;3;;;-1;2;Autovettura pubblica;In marcia / fermata / arresto;Conducente;M;Illeso;0;;Non accertato;Inesistente
1685568;2;13/06/2006 10:15;Strada Urbana;PIAZZA ACILIA;all'intersezione con;VIA NEMORENSE;VIA NEMORENSE;;;Veicolo in marcia contro veicolo fermo;Incrocio;Una carreggiata a doppio senso;Asciutto;Asfaltata;Verticale ed orizzontale;Sereno;Normale;Buona;Ore Diurne;0;0;0;3;;;-1;2;Autovettura pubblica;In marcia / fermata / arresto;Passeggero;F;Illeso;0;;Non accertato;Inesploso
1685569;2;13/06/2006 14:30;Strada Urbana;VIALE MARESCIALLO PILSUDSKI;all'intersezione semaforizzata con;VIA GUIDUBALDO DEL MONTE;VIA GUIDUBALDO DEL MONTE;;;Tamponamento Multiplo;Incrocio;Una carreggiata a doppio senso;Asciutto;Asfaltata;Verticale ed orizzontale;Sereno;Normale;Buona;Ore Diurne;0;0;0;3;;;-1;1;Quadriciclo leggero;In marcia / fermata / arresto;Conducente;F;Illeso;0;;Non accertato;Inesistente
1685569;2;13/06/2006 14:30;Strada Urbana;VIALE MARESCIALLO PILSUDSKI;all'intersezione semaforizzata con;VIA GUIDUBALDO DEL MONTE;VIA GUIDUBALDO DEL MONTE;;;Tamponamento Multiplo;Incrocio;Una carreggiata a doppio senso;Asciutto;Asfaltata;Verticale ed orizzontale;Sereno;Normale;Buona;Ore Diurne;0;0;0;3;;;-1;2;Autovettura privata;In marcia / fermata / arresto;Conducente;M;Illeso;0;;Non accertato;Inesistente
1685569;2;13/06/2006 14:30;Strada Urbana;VIALE MARESCIALLO PILSUDSKI;all'intersezione semaforizzata con;VIA GUIDUBALDO DEL MONTE;VIA GUIDUBALDO DEL MONTE;;;Tamponamento Multiplo;Incrocio;Una carreggiata a doppio senso;Asciutto;Asfaltata;Verticale ed orizzontale;Sereno;Normale;Buona;Ore Diurne;0;0;0;3;;;-1;3;Autovettura privata;In marcia / fermata / arresto;Conducente;F;Illeso;0;;Non accertato;Inesistente
1685570;2;13/06/2006 16:30;Strada Urbana;PIAZZA GONDAR;all'intersezione semaforizzata con;VIALE LIBIA;VIALE LIBIA;;;Tamponamento;Intersezione semaforizzata;Due carreggiate;Asciutto;Asfaltata;Verticale ed orizzontale;Sereno;Normale;Buona;Ore Diurne;0;0;0;2;;;-1;1;Autovettura privata;In marcia / fermata / arresto;Conducente;F;Illeso;0;;Non accertato;Inesistente
1685570;2;13/06/2006 16:30;Strada Urbana;PIAZZA GONDAR;all'intersezione semaforizzata con;VIALE LIBIA;VIALE LIBIA;;;Tamponamento;Intersezione semaforizzata;Due carreggiate;Asciutto;Asfaltata;Verticale ed orizzontale;Sereno;Normale;Buona;Ore Diurne;0;0;0;2;;;-1;2;Autovettura privata;In marcia / fermata / arresto;Conducente;F;Illeso;0;;Non accertato;Inesistente
1685571;2;13/06/2006 18:50;Strada Urbana;LUNGOTEVERE SALVO D'ACQUISTO;all'intersezione con;VIA URUGUAY;VIA URUGUAY;;;Scontro frontale/laterale DX fra veicoli in marcia;Intersezione stradale segnalata;Due carreggiate;Asciutto;Asfaltata;Verticale ed orizzontale;Sereno;Normale;Buona;Ore Diurne;1;0;0;2;;;-1;1;Autovettura privata;In marcia / fermata / arresto;Conducente;F;Illeso;0;;Utilizzato;Inesistente
1685571;2;13/06/2006 18:50;Strada Urbana;LUNGOTEVERE SALVO D'ACQUISTO;all'intersezione con;VIA URUGUAY;VIA URUGUAY;;;Scontro frontale/laterale DX fra veicoli in marcia;Intersezione stradale segnalata;Due carreggiate;Asciutto;Asfaltata;Verticale ed orizzontale;Sereno;Normale;Buona;Ore Diurne;1;0;0;2;;;-1;2;Motociclo con passeggero;In marcia / fermata / arresto;Conducente;F;Rimandato;0;NON DECEDUTO;Utilizzato;Inesistente