Protocollo;Gruppo;DataOraIncidente;Localizzazione1;STRADA1;Localizzazione2;STRADA2;Strada02;Chilometrica;DaSpecificare;NaturaIncidente;particolaritastrade;TipoStrada;FondoStradale;Pavimentazione;Segnaletica;CondizioneAtmosferica;Traffico;Visibilita;Illuminazione;NUM_FERITI;NUM_RISERVATA;NUM_MORTI;NUM_ILLESI;Longitudine;Latitudine;Confermato;Progressivo;TipoVeicolo;StatoVeicolo;TipoPersona;Sesso;Tipolesione;Deceduto;DecedutoDopo;CinturaCascoUtilizzato;Airbag
1686390;16;14/06/2006 11:10;Strada Urbana;VIA GIULIA DI GALLESE;all'intersezione con;VIA FERDINANDO PALASCIANO;VIA FERDINANDO PALASCIANO;;;Scontro laterale fra veicoli in marcia;Incrocio;Una carreggiata a senso unico di marcia;Asciutto;Asfaltata;Verticale;Sereno;Scarso;Buona;Ore Diurne;1;0;0;1;;;-1;1;Autovettura privata;In marcia / fermata / arresto;Conducente;F;Rimandato;0;NON DECEDUTO;Non accertato;Inesistente
1686390;16;14/06/2006 11:10;Strada Urbana;VIA GIULIA DI GALLESE;all'intersezione con;VIA FERDINANDO PALASCIANO;VIA FERDINANDO PALASCIANO;;;Scontro laterale fra veicoli in marcia;Incrocio;Una carreggiata a senso unico di marcia;Asciutto;Asfaltata;Verticale;Sereno;Scarso;Buona;Ore Diurne;1;0;0;1;;;-1;2;Autovettura privata;In marcia / fermata / arresto;Conducente;M;Illeso;0;;Non accertato;Inesistente
1686391;16;14/06/2006 18:15;Strada Urbana;VIA ANTON GIULIO BARRILI;in prossimità;;del civico n. ;68;;Tamponamento Multiplo;Rettilineo;Una carreggiata a doppio senso;Asciutto;Asfaltata;Orizzontale;Sereno;Normale;Buona;Ore Diurne;0;0;0;3;;;-1;1;Autovettura privata;In marcia / fermata / arresto;Conducente;M;Illeso;0;;Non accertato;Inesistente
1686391;16;14/06/2006 18:15;Strada Urbana;VIA ANTON GIULIO BARRILI;in prossimità;;del civico n. ;68;;Tamponamento Multiplo;Rettilineo;Una carreggiata a doppio senso;Asciutto;Asfaltata;Orizzontale;Sereno;Normale;Buona;Ore Diurne;0;0;0;3;;;-1;2;Autovettura privata;In marcia / fermata / arresto;Conducente;F;Illeso;0;;Non accertato;Inesistente
1686391;16;14/06/2006 18:15;Strada Urbana;VIA ANTON GIULIO BARRILI;in prossimità;;del civico n. ;68;;Tamponamento Multiplo;Rettilineo;Una carreggiata a doppio senso;Asciutto;Asfaltata;Orizzontale;Sereno;Normale;Buona;Ore Diurne;0;0;0;3;;;-1;3;Autovettura privata;In marcia / fermata / arresto;Conducente;M;Illeso;0;;Non accertato;Inesistente
1686393;16;15/06/2006 14:00;Strada Urbana;VIA DI VAL TELLINA;in corrispondenza;;del civico n. ;23;;Tamponamento;Rettilineo;Una carreggiata a doppio senso;Asciutto;Asfaltata;Orizzontale;Sereno;Normale;Buona;Ore Diurne;0;0;0;2;;;-1;1;Autovettura privata;In marcia / fermata / arresto;Conducente;M;Illeso;0;;Non accertato;Inesistente
1686393;16;15/06/2006 14:00;Strada Urbana;VIA DI VAL TELLINA;in corrispondenza;;del civico n. ;23;;Tamponamento;Rettilineo;Una carreggiata a doppio senso;Asciutto;Asfaltata;Orizzontale;Sereno;Normale;Buona;Ore Diurne;0;0;0;2;;;-1;2;Ciclomotore;In marcia / fermata / arresto;Conducente;M;Illeso;0;;Non accertato;Inesistente
1686394;16;16/06/2006 01:30;Strada Urbana;PIAZZA FONTEIANA;da specificare;;;;in prossimità di Via Fonteiana;Scontro frontale/laterale SX fra veicoli in marcia;Rettilineo;Una carreggiata a doppio senso;Asciutto;Asfaltata;Assente;Sereno;Scarso;Buona;Sufficiente;0;0;0;2;;;-1;1;Ciclomotore;In marcia / fermata / arresto;Conducente;F;Illeso;0;;Non accertato;Inesistente
1686394;16;16/06/2006 01:30;Strada Urbana;PIAZZA FONTEIANA;da specificare;;;;in prossimità di Via Fonteiana;Scontro frontale/laterale SX fra veicoli in marcia;Rettilineo;Una carreggiata a doppio senso;Asciutto;Asfaltata;Assente;Sereno;Scarso;Buona;Sufficiente;0;0;0;2;;;-1;2;Autovettura privata;In marcia / fermata / arresto;Conducente;F;Illeso;0;;Non accertato;Inesistente
1686396;16;16/06/2006 12:35;Strada Urbana;PIAZZA FRANCESCO CUCCHI;all'intersezione con;VIA ALESSANDRO ALGARDI;VIA ALESSANDRO ALGARDI;;;Scontro frontale/laterale DX fra veicoli in marcia;Incrocio;Una carreggiata a doppio senso;Asciutto;Asfaltata;Verticale ed orizzontale;Sereno;Normale;Buona;Ore Diurne;0;0;0;2;;;-1;1;Autovettura privata;In marcia / fermata / arresto;Conducente;F;Illeso;0;;Non accertato;Inesistente
1686396;16;16/06/2006 12:35;Strada Urbana;PIAZZA FRANCESCO CUCCHI;all'intersezione con;VIA ALESSANDRO ALGARDI;VIA ALESSANDRO ALGARDI;;;Scontro frontale/laterale DX fra veicoli in marcia;Incrocio;Una carreggiata a doppio senso;Asciutto;Asfaltata;Verticale ed orizzontale;Sereno;Normale;Buona;Ore Diurne;0;0;0;2;;;-1;2;Autovettura privata;In marcia / fermata / arresto;Conducente;M;Illeso;0;;Non accertato;Inesistente
1686397;16;16/06/2006 17:30;Strada Urbana;VIA DEGLI STRADIVARI;in prossimità;;del civico n. ;35;;Investimento di pedone;Rettilineo;Una carreggiata a doppio senso;Asciutto;Asfaltata;Orizzontale;Nuvoloso;Normale;Buona;Ore Diurne;2;0;0;0;;;-1;;;;Pedone;F;Rimandato;0;NON DECEDUTO;;
1686397;16;16/06/2006 17:30;Strada Urbana;VIA DEGLI STRADIVARI;in prossimità;;del civico n. ;35;;Investimento di pedone;Rettilineo;Una carreggiata a doppio senso;Asciutto;Asfaltata;Orizzontale;Nuvoloso;Normale;Buona;Ore Diurne;2;0;0;0;;;-1;1;Motociclo a solo;In marcia / fermata / arresto;Conducente;M;Rimandato;0;NON DECEDUTO;Non accertato;Inesistente
1686398;16;17/06/2006 00:10;Strada Urbana;VIA GIACINTO CARINI;all'intersezione semaforizzata con;VIA FRATELLI BONNET;VIA FRATELLI BONNET;;;Scontro frontale/laterale SX fra veicoli in marcia;Intersezione semaforizzata;Una carreggiata a doppio senso;Asciutto;Asfaltata;Verticale ed orizzontale;Sereno;Scarso;Buona;Sufficiente;1;0;0;4;;;-1;1;Autovettura privata;In marcia / fermata / arresto;Conducente;M;Illeso;0;;Non accertato;Inesistente
1686398;16;17/06/2006 00:10;Strada Urbana;VIA GIACINTO CARINI;all'intersezione semaforizzata con;VIA FRATELLI BONNET;VIA FRATELLI BONNET;;;Scontro frontale/laterale SX fra veicoli in marcia;Intersezione semaforizzata;Una carreggiata a doppio senso;Asciutto;Asfaltata;Verticale ed orizzontale;Sereno;Scarso;Buona;Sufficiente;1;0;0;4;;;-1;1;Autovettura privata;In marcia / fermata / arresto;Passeggero;F;Illeso;0;;Non accertato;Inesistente
1686398;16;17/06/2006 00:10;Strada Urbana;VIA GIACINTO CARINI;all'intersezione semaforizzata con;VIA FRATELLI BONNET;VIA FRATELLI BONNET;;;Scontro frontale/laterale SX fra veicoli in marcia;Intersezione semaforizzata;Una carreggiata a doppio senso;Asciutto;Asfaltata;Verticale ed orizzontale;Sereno;Scarso;Buona;Sufficiente;1;0;0;4;;;-1;1;Autovettura privata;In marcia / fermata / arresto;Passeggero;M;Illeso;0;;Non accertato;Inesistente
1686398;16;17/06/2006 00:10;Strada Urbana;VIA GIACINTO CARINI;all'intersezione semaforizzata con;VIA FRATELLI BONNET;VIA FRATELLI BONNET;;;Scontro frontale/laterale SX fra veicoli in marcia;Intersezione semaforizzata;Una carreggiata a doppio senso;Asciutto;Asfaltata;Verticale ed orizzontale;Sereno;Scarso;Buona;Sufficiente;1;0;0;4;;;-1;2;Autovettura privata;In marcia / fermata / arresto;Conducente;F;Rimandato;0;NON DECEDUTO;Non accertato;Inesistente
1686398;16;17/06/2006 00:10;Strada Urbana;VIA GIACINTO CARINI;all'intersezione semaforizzata con;VIA FRATELLI BONNET;VIA FRATELLI BONNET;;;Scontro frontale/laterale SX fra veicoli in marcia;Intersezione semaforizzata;Una carreggiata a doppio senso;Asciutto;Asfaltata;Verticale ed orizzontale;Sereno;Scarso;Buona;Sufficiente;1;0;0;4;;;-1;2;Autovettura privata;In marcia / fermata / arresto;Passeggero;F;Illeso;0;;Non accertato;Inesistente
1686399;16;17/06/2006 20:00;Strada Urbana;VIA DI VAL TELLINA;in prossimità;;del civico n. ;86/B;;Investimento di pedone;Pendenza;Una carreggiata a doppio senso;Asciutto;Asfaltata;Orizzontale;Sereno;Normale;Buona;Ore Diurne;1;0;0;1;;;-1;;;;Pedone;F;Ricoverato;0;NON DECEDUTO;;
1686399;16;17/06/2006 20:00;Strada Urbana;VIA DI VAL TELLINA;in prossimità;;del civico n. ;86/B;;Investimento di pedone;Pendenza;Una carreggiata a doppio senso;Asciutto;Asfaltata;Orizzontale;Sereno;Normale;Buona;Ore Diurne;1;0;0;1;;;-1;1;Motociclo a solo;In marcia / fermata / arresto;Conducente;M;Illeso;0;;Non accertato;Inesistente
1686400;16;18/06/2006 08:10;Strada Urbana;VIALE ISACCO NEWTON;in corrispondenza;;del civico n. ;54;;Scontro frontale/laterale SX fra veicoli in marcia;Rettilineo;Due carreggiate;Asciutto;Asfaltata;Orizzontale;Nuvoloso;Normale;Buona;Ore Diurne;1;0;0;1;;;-1;1;Autovettura privata;In marcia / fermata / arresto;Conducente;M;Illeso;0;;Non accertato;Inesistente
1686400;16;18/06/2006 08:10;Strada Urbana;VIALE ISACCO NEWTON;in corrispondenza;;del civico n. ;54;;Scontro frontale/laterale SX fra veicoli in marcia;Rettilineo;Due carreggiate;Asciutto;Asfaltata;Orizzontale;Nuvoloso;Normale;Buona;Ore Diurne;1;0;0;1;;;-1;2;Ciclomotore;In marcia / fermata / arresto;Conducente;M;Rimandato;0;NON DECEDUTO;Non accertato;Inesistente
1686401;16;19/06/2006 06:30;Strada Urbana;VIALE DEI COLLI PORTUENSI;in corrispondenza;;del civico n. ;205;;Investimento di pedone;Rettilineo;Due carreggiate;Asciutto;Asfaltata;Assente;Nuvoloso;Intenso;Buona;Ore Diurne;1;0;0;1;;;-1;;;;Pedone;F;Rimandato;0;NON DECEDUTO;;
1686401;16;19/06/2006 06:30;Strada Urbana;VIALE DEI COLLI PORTUENSI;in corrispondenza;;del civico n. ;205;;Investimento di pedone;Rettilineo;Due carreggiate;Asciutto;Asfaltata;Assente;Nuvoloso;Intenso;Buona;Ore Diurne;1;0;0;1;;;-1;1;Autovettura privata;In marcia / fermata / arresto;Conducente;M;Illeso;0;;Non accertato;Inesistente
1686402;16;19/06/2006 08:45;Strada Urbana;VIA OTTAVIO GASPARRI;all'intersezione con;VIA FRANCESCO MARIA GALLUZZI;VIA FRANCESCO MARIA GALLUZZI;;;Infortunio per caduta del veicolo;Intersezione stradale segnalata;Una carreggiata a doppio senso;Asciutto;Asfaltata;Verticale ed orizzontale;Nuvoloso;Normale;Buona;Ore Diurne;1;0;0;1;;;-1;1;Motociclo a solo;In marcia / fermata / arresto;Conducente;M;Ricoverato;0;NON DECEDUTO;Non accertato;Inesistente
1686402;16;19/06/2006 08:45;Strada Urbana;VIA OTTAVIO GASPARRI;all'intersezione con;VIA FRANCESCO MARIA GALLUZZI;VIA FRANCESCO MARIA GALLUZZI;;;Infortunio per caduta del veicolo;Intersezione stradale segnalata;Una carreggiata a doppio senso;Asciutto;Asfaltata;Verticale ed orizzontale;Nuvoloso;Normale;Buona;Ore Diurne;1;0;0;1;;;-1;2;Autovettura privata;In marcia / fermata / arresto;Conducente;F;Illeso;0;;Non accertato;Inesistente
1686403;16;19/06/2006 10:30;Strada Urbana;VIA DEL CASALETTO;all'intersezione con;VIA LUIGI ARATI;VIA LUIGI ARATI;;;Scontro frontale/laterale DX fra veicoli in marcia;Incrocio;Una carreggiata a doppio senso;Asciutto;Asfaltata;Verticale ed orizzontale;Sereno;Normale;Buona;Ore Diurne;1;0;0;1;;;-1;1;Autovettura privata;In marcia / fermata / arresto;Conducente;M;Illeso;0;;Non accertato;Inesistente
1686403;16;19/06/2006 10:30;Strada Urbana;VIA DEL CASALETTO;all'intersezione con;VIA LUIGI ARATI;VIA LUIGI ARATI;;;Scontro frontale/laterale DX fra veicoli in marcia;Incrocio;Una carreggiata a doppio senso;Asciutto;Asfaltata;Verticale ed orizzontale;Sereno;Normale;Buona;Ore Diurne;1;0;0;1;;;-1;2;Motociclo a solo;In marcia / fermata / arresto;Conducente;M;Rimandato;0;NON DECEDUTO;Non accertato;Inesistente
1686404;16;19/06/2006 12:15;Strada Urbana;PIAZZALE AURELIO;da specificare;;;;snc;Scontro frontale/laterale DX fra veicoli in marcia;Rettilineo;Una carreggiata a senso unico di marcia;Asciutto;Asfaltata;Orizzontale;Sereno;Normale;Buona;Ore Diurne;0;0;0;2;;;-1;1;Autovettura privata;In marcia / fermata / arresto;Conducente;M;Illeso;0;;Non accertato;Inesistente
1686404;16;19/06/2006 12:15;Strada Urbana;PIAZZALE AURELIO;da specificare;;;;snc;Scontro frontale/laterale DX fra veicoli in marcia;Rettilineo;Una carreggiata a senso unico di marcia;Asciutto;Asfaltata;Orizzontale;Sereno;Normale;Buona;Ore Diurne;0;0;0;2;;;-1;2;Autovettura privata;In marcia / fermata / arresto;Conducente;F;Illeso;0;;Non accertato;Inesistente
1686405;16;19/06/2006 17:20;Strada Urbana;VIA ANTON GIULIO BARRILI;all'intersezione con;VIA ARTURO COLAUTTI;VIA ARTURO COLAUTTI;;;Scontro laterale fra veicoli in marcia;Intersezione stradale segnalata;Una carreggiata a doppio senso;Asciutto;Asfaltata;Assente;Sereno;Normale;Buona;Ore Diurne;0;0;0;3;;;-1;1;Autovettura privata;In marcia / fermata / arresto;Conducente;M;Illeso;0;;Non accertato;Inesistente
1686405;16;19/06/2006 17:20;Strada Urbana;VIA ANTON GIULIO BARRILI;all'intersezione con;VIA ARTURO COLAUTTI;VIA ARTURO COLAUTTI;;;Scontro laterale fra veicoli in marcia;Intersezione stradale segnalata;Una carreggiata a doppio senso;Asciutto;Asfaltata;Assente;Sereno;Normale;Buona;Ore Diurne;0;0;0;3;;;-1;2;Motociclo con passeggero;In marcia / fermata / arresto;Conducente;M;Illeso;0;;Non accertato;Inesistente
1686405;16;19/06/2006 17:20;Strada Urbana;VIA ANTON GIULIO BARRILI;all'intersezione con;VIA ARTURO COLAUTTI;VIA ARTURO COLAUTTI;;;Scontro laterale fra veicoli in marcia;Intersezione stradale segnalata;Una carreggiata a doppio senso;Asciutto;Asfaltata;Assente;Sereno;Normale;Buona;Ore Diurne;0;0;0;3;;;-1;2;Motociclo con passeggero;In marcia / fermata / arresto;Passeggero;M;Illeso;0;;Non accertato;Inesistente
1686406;16;19/06/2006 19:30;Strada Urbana;VIA GIACINTO CARINI;all'intersezione con;VIA FRANCESCO SAVERIO SPROVIERI;VIA FRANCESCO SAVERIO SPROVIERI;;;Tamponamento;Intersezione stradale segnalata;Una carreggiata a doppio senso;Asciutto;Asfaltata;Assente;Sereno;Normale;Buona;Ore Diurne;1;0;0;1;;;-1;1;Autovettura privata;In marcia / fermata / arresto;Conducente;F;Rimandato;0;NON DECEDUTO;Non accertato;Inesistente
1686406;16;19/06/2006 19:30;Strada Urbana;VIA GIACINTO CARINI;all'intersezione con;VIA FRANCESCO SAVERIO SPROVIERI;VIA FRANCESCO SAVERIO SPROVIERI;;;Tamponamento;Intersezione stradale segnalata;Una carreggiata a doppio senso;Asciutto;Asfaltata;Assente;Sereno;Normale;Buona;Ore Diurne;1;0;0;1;;;-1;2;Quadriciclo leggero;In marcia / fermata / arresto;Conducente;F;Illeso;0;;Non accertato;Inesistente
1686411;19;21/06/2006 08:45;Strada Urbana;VIA MARIO ROMAGNOLI;in corrispondenza;;del civico n. ;1;;Scontro laterale fra veicoli in marcia;Rettilineo;Una carreggiata a doppio senso;Asciutto;Asfaltata;Verticale ed orizzontale;Sereno;Normale;Buona;Ore Diurne;0;0;0;3;;;-1;1;Autovettura privata;In marcia / fermata / arresto;Conducente;F;Illeso;0;;Utilizzato;Inesistente
1686411;19;21/06/2006 08:45;Strada Urbana;VIA MARIO ROMAGNOLI;in corrispondenza;;del civico n. ;1;;Scontro laterale fra veicoli in marcia;Rettilineo;Una carreggiata a doppio senso;Asciutto;Asfaltata;Verticale ed orizzontale;Sereno;Normale;Buona;Ore Diurne;0;0;0;3;;;-1;1;Autovettura privata;In marcia / fermata / arresto;Passeggero;F;Illeso;0;;Utilizzato;Inesistente
1686411;19;21/06/2006 08:45;Strada Urbana;VIA MARIO ROMAGNOLI;in corrispondenza;;del civico n. ;1;;Scontro laterale fra veicoli in marcia;Rettilineo;Una carreggiata a doppio senso;Asciutto;Asfaltata;Verticale ed orizzontale;Sereno;Normale;Buona;Ore Diurne;0;0;0;3;;;-1;2;Autovettura pubblica;In marcia / fermata / arresto;Conducente;M;Illeso;0;;Non accertato;Inesistente
1686412;19;21/06/2006 11:30;Strada Urbana;VIA DELLA PALMAROLA;all'intersezione con;VIA SEGRATE;VIA SEGRATE;;;Scontro frontale/laterale SX fra veicoli in marcia;Incrocio;Una carreggiata a doppio senso;Asciutto;Asfaltata;Verticale;Sereno;Scarso;Buona;Ore Diurne;0;0;0;2;;;-1;1;Autocarro inferiore 35 q.;In marcia / fermata / arresto;Conducente;M;Illeso;0;;Non accertato;Inesistente
1686412;19;21/06/2006 11:30;Strada Urbana;VIA DELLA PALMAROLA;all'intersezione con;VIA SEGRATE;VIA SEGRATE;;;Scontro frontale/laterale SX fra veicoli in marcia;Incrocio;Una carreggiata a doppio senso;Asciutto;Asfaltata;Verticale;Sereno;Scarso;Buona;Ore Diurne;0;0;0;2;;;-1;2;Autovettura privata;In marcia / fermata / arresto;Conducente;F;Illeso;0;;Non accertato;Inesistente
1686413;19;21/06/2006 13:35;Strada Urbana;VIA DI CASAL DEL MARMO;in prossimità;;del civico n. ;408;;Scontro frontale/laterale SX fra veicoli in marcia;Rettilineo;Una carreggiata a doppio senso;Asciutto;Asfaltata;Assente;Sereno;Scarso;Buona;Ore Diurne;0;0;0;2;;;-1;1;Autocarro inferiore 35 q.;In marcia / fermata / arresto;Conducente;M;Illeso;0;;Utilizzato;Inesistente
1686413;19;21/06/2006 13:35;Strada Urbana;VIA DI CASAL DEL MARMO;in prossimità;;del civico n. ;408;;Scontro frontale/laterale SX fra veicoli in marcia;Rettilineo;Una carreggiata a doppio senso;Asciutto;Asfaltata;Assente;Sereno;Scarso;Buona;Ore Diurne;0;0;0;2;;;-1;2;Motociclo a solo;In marcia / fermata / arresto;Conducente;M;Illeso;0;;Utilizzato;Inesistente
1686414;19;21/06/2006 20:20;Strada Urbana;VIA DI TORREVECCHIA;all'intersezione con;VIA FRANCESCO RONCATI;VIA FRANCESCO RONCATI;;;Scontro laterale fra veicoli in marcia;Incrocio;Una carreggiata a doppio senso;Asciutto;Asfaltata;Verticale ed orizzontale;Sereno;Normale;Buona;Ore Diurne;0;0;0;4;;;-1;1;Autovettura privata;In marcia / fermata / arresto;Conducente;M;Illeso;0;;Utilizzato;Inesploso
1686414;19;21/06/2006 20:20;Strada Urbana;VIA DI TORREVECCHIA;all'intersezione con;VIA FRANCESCO RONCATI;VIA FRANCESCO RONCATI;;;Scontro laterale fra veicoli in marcia;Incrocio;Una carreggiata a doppio senso;Asciutto;Asfaltata;Verticale ed orizzontale;Sereno;Normale;Buona;Ore Diurne;0;0;0;4;;;-1;1;Autovettura privata;In marcia / fermata / arresto;Passeggero;M;Illeso;0;;Non accertato;Inesistente
1686414;19;21/06/2006 20:20;Strada Urbana;VIA DI TORREVECCHIA;all'intersezione con;VIA FRANCESCO RONCATI;VIA FRANCESCO RONCATI;;;Scontro laterale fra veicoli in marcia;Incrocio;Una carreggiata a doppio senso;Asciutto;Asfaltata;Verticale ed orizzontale;Sereno;Normale;Buona;Ore Diurne;0;0;0;4;;;-1;2;Motociclo a solo;In marcia / fermata / arresto;Conducente;M;Illeso;0;;Non accertato;Inesistente
1686414;19;21/06/2006 20:20;Strada Urbana;VIA DI TORREVECCHIA;all'intersezione con;VIA FRANCESCO RONCATI;VIA FRANCESCO RONCATI;;;Scontro laterale fra veicoli in marcia;Incrocio;Una carreggiata a doppio senso;Asciutto;Asfaltata;Verticale ed orizzontale;Sereno;Normale;Buona;Ore Diurne;0;0;0;4;;;-1;2;Motociclo a solo;In marcia / fermata / arresto;Passeggero;F;Illeso;0;;Non accertato;Inesistente
1686415;19;21/06/2006 21:00;Strada Urbana;VIA DELL'ACQUEDOTTO DEL PESCHIERA;in prossimità;;del civico n. ;192;;Scontro frontale/laterale SX fra veicoli in marcia;Rettilineo;Due carreggiate;Asciutto;Asfaltata;Orizzontale;Sereno;Normale;Buona;Sufficiente;2;0;0;0;;;-1;1;Motociclo a solo;In marcia / fermata / arresto;Conducente;M;Rimandato;0;NON DECEDUTO;Utilizzato;Inesistente
1686415;19;21/06/2006 21:00;Strada Urbana;VIA DELL'ACQUEDOTTO DEL PESCHIERA;in prossimità;;del civico n. ;192;;Scontro frontale/laterale SX fra veicoli in marcia;Rettilineo;Due carreggiate;Asciutto;Asfaltata;Orizzontale;Sereno;Normale;Buona;Sufficiente;2;0;0;0;;;-1;2;Autovettura privata;In marcia / fermata / arresto;Conducente;F;Rimandato;0;NON DECEDUTO;Utilizzato;Inesistente
1686416;19;21/06/2006 21:40;Strada Urbana;VIA DI CASAL DEL MARMO;all'intersezione con;VIA ROBBIO;VIA ROBBIO;;;Scontro frontale fra veicoli in marcia;Incrocio;Una carreggiata a doppio senso;Asciutto;Asfaltata;Orizzontale;Sereno;Normale;Buona;Sufficiente;1;0;0;1;;;-1;1;Autovettura privata;In marcia / fermata / arresto;Conducente;F;Illeso;0;;Non accertato;Inesistente
1686416;19;21/06/2006 21:40;Strada Urbana;VIA DI CASAL DEL MARMO;all'intersezione con;VIA ROBBIO;VIA ROBBIO;;;Scontro frontale fra veicoli in marcia;Incrocio;Una carreggiata a doppio senso;Asciutto;Asfaltata;Orizzontale;Sereno;Normale;Buona;Sufficiente;1;0;0;1;;;-1;2;Motociclo a solo;In marcia / fermata / arresto;Conducente;M;Rimandato;0;NON DECEDUTO;Non utilizzato;Inesistente
1686417;19;22/06/2006 09:00;Strada Urbana;VIA DELLA PINETA SACCHETTI;da specificare;;;;in corrispondenza di V. S. Marchisio;Scontro frontale/laterale DX fra veicoli in marcia;Rettilineo;Una carreggiata a senso unico di marcia;Asciutto;Asfaltata;Orizzontale;Sereno;Normale;Buona;Ore Diurne;0;0;0;2;;;-1;1;Autovettura privata;In marcia / fermata / arresto;Conducente;M;Illeso;0;;Utilizzato;Inesploso
1686417;19;22/06/2006 09:00;Strada Urbana;VIA DELLA PINETA SACCHETTI;da specificare;;;;in corrispondenza di V. S. Marchisio;Scontro frontale/laterale DX fra veicoli in marcia;Rettilineo;Una carreggiata a senso unico di marcia;Asciutto;Asfaltata;Orizzontale;Sereno;Normale;Buona;Ore Diurne;0;0;0;2;;;-1;2;Autovettura privata;In marcia / fermata / arresto;Conducente;F;Illeso;0;;Utilizzato;Inesploso
1686418;2;19/06/2006 21:25;Strada Urbana;VIA SIRTE;all'intersezione con;VIA TRIPOLI;VIA TRIPOLI;;;Scontro frontale/laterale SX fra veicoli in marcia;Intersezione stradale segnalata;Due carreggiate;Asciutto;Asfaltata;Verticale;Sereno;Scarso;Buona;Sufficiente;1;0;0;1;;;-1;1;Ciclomotore;In marcia / fermata / arresto;Conducente;M;Illeso;0;;Non accertato;Inesistente
1686418;2;19/06/2006 21:25;Strada Urbana;VIA SIRTE;all'intersezione con;VIA TRIPOLI;VIA TRIPOLI;;;Scontro frontale/laterale SX fra veicoli in marcia;Intersezione stradale segnalata;Due carreggiate;Asciutto;Asfaltata;Verticale;Sereno;Scarso;Buona;Sufficiente;1;0;0;1;;;-1;2;Motociclo a solo;In marcia / fermata / arresto;Conducente;M;Rimandato;0;NON DECEDUTO;Non accertato;Inesistente
1686419;2;20/06/2006 20:15;Strada Urbana;VIA DONATELLO;all'intersezione con;VIALE DEL VIGNOLA;VIALE DEL VIGNOLA;;;Scontro frontale/laterale SX fra veicoli in marcia;Intersezione non regolata/non segnalata;Una carreggiata a senso unico di marcia;Asciutto;Asfaltata;Verticale ed orizzontale;Sereno;Scarso;Buona;Ore Diurne;1;0;0;1;;;-1;1;Autovettura privata;In marcia / fermata / arresto;Conducente;M;Illeso;0;;Non accertato;Inesistente
1686419;2;20/06/2006 20:15;Strada Urbana;VIA DONATELLO;all'intersezione con;VIALE DEL VIGNOLA;VIALE DEL VIGNOLA;;;Scontro frontale/laterale SX fra veicoli in marcia;Intersezione non regolata/non segnalata;Una carreggiata a senso unico di marcia;Asciutto;Asfaltata;Verticale ed orizzontale;Sereno;Scarso;Buona;Ore Diurne;1;0;0;1;;;-1;2;Ciclomotore;In marcia / fermata / arresto;Conducente;F;Rimandato;0;NON DECEDUTO;Non accertato;Inesistente
1686420;2;20/06/2006 16:30;Strada Urbana;VIALE DEL MURO TORTO;da specificare;;;;USCITA GALOPPATOIO;Tamponamento Multiplo;Rettilineo;Due carreggiate;Asciutto;Asfaltata;Verticale ed orizzontale;Sereno;Intenso;Buona;Ore Diurne;0;0;0;3;;;-1;1;Autocarro inferiore 35 q.;In marcia / fermata / arresto;Conducente;M;Illeso;0;;Non accertato;Inesistente
1686420;2;20/06/2006 16:30;Strada Urbana;VIALE DEL MURO TORTO;da specificare;;;;USCITA GALOPPATOIO;Tamponamento Multiplo;Rettilineo;Due carreggiate;Asciutto;Asfaltata;Verticale ed orizzontale;Sereno;Intenso;Buona;Ore Diurne;0;0;0;3;;;-1;2;Autovettura privata;In marcia / fermata / arresto;Conducente;M;Illeso;0;;Non accertato;Inesistente
1686420;2;20/06/2006 16:30;Strada Urbana;VIALE DEL MURO TORTO;da specificare;;;;USCITA GALOPPATOIO;Tamponamento Multiplo;Rettilineo;Due carreggiate;Asciutto;Asfaltata;Verticale ed orizzontale;Sereno;Intenso;Buona;Ore Diurne;0;0;0;3;;;-1;3;Autovettura privata;In marcia / fermata / arresto;Conducente;F;Illeso;0;;Non accertato;Inesistente
1686421;2;20/06/2006 17:00;Strada Urbana;VIA GASPARE SPONTINI;in prossimità;;del civico n. ;10;;Veicolo in marcia contro veicolo in sosta;Rettilineo;Una carreggiata a senso unico di marcia;Asciutto;Asfaltata;Verticale ed orizzontale;Sereno;Intenso;Buona;Ore Diurne;0;0;0;1;;;-1;1;Autovettura privata;In marcia / fermata / arresto;Conducente;F;Illeso;0;;Non accertato;Inesistente
1686422;2;21/06/2006 07:15;Strada Urbana;LUNGOTEVERE DELL'ACQUA ACETOSA;in corrispondenza;;del civico n. ;113;;Scontro laterale fra veicoli in marcia;Curva a visuale libera;Una carreggiata a doppio senso;Asciutto;Asfaltata;Orizzontale;Sereno;Normale;Buona;Ore Diurne;0;0;0;3;;;-1;1;Autocarro inferiore 35 q.;In marcia / fermata / arresto;Conducente;M;Illeso;0;;Non accertato;Inesistente
1686422;2;21/06/2006 07:15;Strada Urbana;LUNGOTEVERE DELL'ACQUA ACETOSA;in corrispondenza;;del civico n. ;113;;Scontro laterale fra veicoli in marcia;Curva a visuale libera;Una carreggiata a doppio senso;Asciutto;Asfaltata;Orizzontale;Sereno;Normale;Buona;Ore Diurne;0;0;0;3;;;-1;1;Autocarro inferiore 35 q.;In marcia / fermata / arresto;Passeggero;M;Illeso;0;;Non accertato;Inesistente