Protocollo;Gruppo;DataOraIncidente;Localizzazione1;STRADA1;Localizzazione2;STRADA2;Strada02;Chilometrica;DaSpecificare;NaturaIncidente;particolaritastrade;TipoStrada;FondoStradale;Pavimentazione;Segnaletica;CondizioneAtmosferica;Traffico;Visibilita;Illuminazione;NUM_FERITI;NUM_RISERVATA;NUM_MORTI;NUM_ILLESI;Longitudine;Latitudine;Confermato;Progressivo;TipoVeicolo;StatoVeicolo;TipoPersona;Sesso;Tipolesione;Deceduto;DecedutoDopo;CinturaCascoUtilizzato;Airbag
1686741;10;24/06/2006 17:00;Strada Urbana;VIALE BRUNO PELIZZI;in prossimità;;del civico n. ;169;;Infortunio per caduta del veicolo;Rettilineo;Una carreggiata a doppio senso;Asciutto;Asfaltata;Verticale ed orizzontale;Sereno;Normale;Buona;Ore Diurne;1;0;0;3;;;-1;2;Autovettura privata;In marcia / fermata / arresto;Passeggero;F;Illeso;0;;Non accertato;Inesistente
1686741;10;24/06/2006 17:00;Strada Urbana;VIALE BRUNO PELIZZI;in prossimità;;del civico n. ;169;;Infortunio per caduta del veicolo;Rettilineo;Una carreggiata a doppio senso;Asciutto;Asfaltata;Verticale ed orizzontale;Sereno;Normale;Buona;Ore Diurne;1;0;0;3;;;-1;2;Autovettura privata;In marcia / fermata / arresto;Passeggero;F;Illeso;0;;Non accertato;Inesistente
1686742;10;24/06/2006 18:30;Strada Urbana;VIA MARCO VALERIO CORVO;all'intersezione con;VIA LUCIO SESTIO;VIA LUCIO SESTIO;;;Scontro frontale/laterale DX fra veicoli in marcia;Incrocio;Una carreggiata a senso unico di marcia;Asciutto;Asfaltata;Verticale ed orizzontale;Sereno;Normale;Buona;Ore Diurne;0;0;0;2;;;-1;1;Autovettura privata;In marcia / fermata / arresto;Conducente;M;Illeso;0;;Non accertato;Inesistente
1686742;10;24/06/2006 18:30;Strada Urbana;VIA MARCO VALERIO CORVO;all'intersezione con;VIA LUCIO SESTIO;VIA LUCIO SESTIO;;;Scontro frontale/laterale DX fra veicoli in marcia;Incrocio;Una carreggiata a senso unico di marcia;Asciutto;Asfaltata;Verticale ed orizzontale;Sereno;Normale;Buona;Ore Diurne;0;0;0;2;;;-1;2;Autovettura privata;In marcia / fermata / arresto;Conducente;M;Illeso;0;;Non accertato;Inesistente
1686743;10;25/06/2006 00:05;Strada Urbana;VIALE MARCO FULVIO NOBILIORE;all'intersezione con;VIALE DEI SALESIANI;VIALE DEI SALESIANI;;;Scontro frontale/laterale SX fra veicoli in marcia;Incrocio;Una carreggiata a senso unico di marcia;Asciutto;Asfaltata;Verticale ed orizzontale;Sereno;Scarso;Buona;Sufficiente;0;0;0;2;;;-1;1;Autobus urbano;In marcia / fermata / arresto;Conducente;M;Illeso;0;;Non accertato;Inesistente
1686743;10;25/06/2006 00:05;Strada Urbana;VIALE MARCO FULVIO NOBILIORE;all'intersezione con;VIALE DEI SALESIANI;VIALE DEI SALESIANI;;;Scontro frontale/laterale SX fra veicoli in marcia;Incrocio;Una carreggiata a senso unico di marcia;Asciutto;Asfaltata;Verticale ed orizzontale;Sereno;Scarso;Buona;Sufficiente;0;0;0;2;;;-1;2;Autovettura privata;In marcia / fermata / arresto;Conducente;M;Illeso;0;;Non accertato;Inesistente
1686744;10;25/06/2006 23:05;Strada Urbana;VIA TUSCOLANA;all'intersezione con;VIA ROCCELLA IONICA;VIA ROCCELLA IONICA;;;Investimento di pedone;Incrocio;Una carreggiata a senso unico di marcia;Asciutto;Asfaltata;Assente;Sereno;Scarso;Sufficiente;Insufficiente;1;0;0;2;;;-1;;;;Pedone;M;Rimandato;0;NON DECEDUTO;;
1686744;10;25/06/2006 23:05;Strada Urbana;VIA TUSCOLANA;all'intersezione con;VIA ROCCELLA IONICA;VIA ROCCELLA IONICA;;;Investimento di pedone;Incrocio;Una carreggiata a senso unico di marcia;Asciutto;Asfaltata;Assente;Sereno;Scarso;Sufficiente;Insufficiente;1;0;0;2;;;-1;1;Autobus di linea;In marcia / fermata / arresto;Conducente;M;Illeso;0;;Non accertato;Inesistente
1686744;10;25/06/2006 23:05;Strada Urbana;VIA TUSCOLANA;all'intersezione con;VIA ROCCELLA IONICA;VIA ROCCELLA IONICA;;;Investimento di pedone;Incrocio;Una carreggiata a senso unico di marcia;Asciutto;Asfaltata;Assente;Sereno;Scarso;Sufficiente;Insufficiente;1;0;0;2;;;-1;2;Autovettura privata;In marcia / fermata / arresto;Conducente;M;Illeso;0;;Non accertato;Inesistente
1686745;11;24/06/2006 14:45;Strada Urbana;VIA FONTE BUONO;all'intersezione con;PIAZZALE DEI CADUTI DELLA MONTAGNOLA;PIAZZALE DEI CADUTI DELLA MONTAGNOLA;;;Scontro frontale/laterale DX fra veicoli in marcia;Intersezione stradale segnalata;Una carreggiata a senso unico di marcia;Asciutto;Asfaltata;Verticale ed orizzontale;Sereno;Scarso;Buona;Ore Diurne;0;0;0;3;;;-1;1;Autovettura privata;In marcia / fermata / arresto;Conducente;M;Illeso;0;;Utilizzato;Inesistente
1686745;11;24/06/2006 14:45;Strada Urbana;VIA FONTE BUONO;all'intersezione con;PIAZZALE DEI CADUTI DELLA MONTAGNOLA;PIAZZALE DEI CADUTI DELLA MONTAGNOLA;;;Scontro frontale/laterale DX fra veicoli in marcia;Intersezione stradale segnalata;Una carreggiata a senso unico di marcia;Asciutto;Asfaltata;Verticale ed orizzontale;Sereno;Scarso;Buona;Ore Diurne;0;0;0;3;;;-1;2;Autovettura privata;In marcia / fermata / arresto;Conducente;M;Illeso;0;;Utilizzato;Inesistente
1686745;11;24/06/2006 14:45;Strada Urbana;VIA FONTE BUONO;all'intersezione con;PIAZZALE DEI CADUTI DELLA MONTAGNOLA;PIAZZALE DEI CADUTI DELLA MONTAGNOLA;;;Scontro frontale/laterale DX fra veicoli in marcia;Intersezione stradale segnalata;Una carreggiata a senso unico di marcia;Asciutto;Asfaltata;Verticale ed orizzontale;Sereno;Scarso;Buona;Ore Diurne;0;0;0;3;;;-1;2;Autovettura privata;In marcia / fermata / arresto;Passeggero;F;Illeso;0;;Non accertato;Inesistente
1686746;13;24/06/2006 17:00;Strada Urbana;VIA UMBERTO GIORDANO;all'intersezione con;VIA CESARE PASCUCCI;VIA CESARE PASCUCCI;;;Scontro laterale fra veicoli in marcia;Incrocio;Una carreggiata a doppio senso;Asciutto;Asfaltata;Verticale ed orizzontale;Sereno;Scarso;Buona;Ore Diurne;1;0;0;1;;;-1;1;Autovettura privata;In marcia / fermata / arresto;Conducente;F;Rimandato;0;NON DECEDUTO;Utilizzato;Inesistente
1686746;13;24/06/2006 17:00;Strada Urbana;VIA UMBERTO GIORDANO;all'intersezione con;VIA CESARE PASCUCCI;VIA CESARE PASCUCCI;;;Scontro laterale fra veicoli in marcia;Incrocio;Una carreggiata a doppio senso;Asciutto;Asfaltata;Verticale ed orizzontale;Sereno;Scarso;Buona;Ore Diurne;1;0;0;1;;;-1;2;Autovettura privata;In marcia / fermata / arresto;Conducente;M;Illeso;0;;Utilizzato;Inesistente
1686747;13;24/06/2006 18:30;Strada Urbana;VIA CESARE MACCARI;all'intersezione con;VIA DI PRATO CORNELIO;VIA DI PRATO CORNELIO;;;Scontro frontale/laterale SX fra veicoli in marcia;Intersezione stradale segnalata;Una carreggiata a doppio senso;Asciutto;Asfaltata;Verticale ed orizzontale;Sereno;Normale;Buona;Ore Diurne;1;0;0;1;;;-1;1;Autovettura privata;In marcia / fermata / arresto;Conducente;F;Illeso;0;;Non accertato;Inesistente
1686747;13;24/06/2006 18:30;Strada Urbana;VIA CESARE MACCARI;all'intersezione con;VIA DI PRATO CORNELIO;VIA DI PRATO CORNELIO;;;Scontro frontale/laterale SX fra veicoli in marcia;Intersezione stradale segnalata;Una carreggiata a doppio senso;Asciutto;Asfaltata;Verticale ed orizzontale;Sereno;Normale;Buona;Ore Diurne;1;0;0;1;;;-1;2;Autovettura privata;In marcia / fermata / arresto;Conducente;M;Rimandato;0;NON DECEDUTO;Non accertato;Inesistente
1686748;13;24/06/2006 22:50;Strada Urbana;VIA ECATEO DI MILETO;in prossimità;;del civico n. ;148;;Veicolo in marcia contro veicoli fermi;Rettilineo;Una carreggiata a doppio senso;Asciutto;Asfaltata;Verticale ed orizzontale;Sereno;Scarso;Buona;Sufficiente;0;0;0;1;;;-1;1;Autovettura privata;In marcia / fermata / arresto;Conducente;M;Illeso;0;;Utilizzato;Esploso
1686749;13;25/06/2006 02:35;Strada Urbana;VIALE DEI ROMAGNOLI;all'intersezione con;VIA GIOVANNI ANTONIO ANTOLINI;VIA GIOVANNI ANTONIO ANTOLINI;;;Scontro frontale/laterale DX fra veicoli in marcia;Incrocio;Una carreggiata a doppio senso;Asciutto;Asfaltata;Orizzontale;Sereno;Normale;Insufficiente;Sufficiente;0;0;0;4;;;-1;1;Autovettura privata;In marcia / fermata / arresto;Conducente;M;Illeso;0;;Non accertato;Inesistente
1686749;13;25/06/2006 02:35;Strada Urbana;VIALE DEI ROMAGNOLI;all'intersezione con;VIA GIOVANNI ANTONIO ANTOLINI;VIA GIOVANNI ANTONIO ANTOLINI;;;Scontro frontale/laterale DX fra veicoli in marcia;Incrocio;Una carreggiata a doppio senso;Asciutto;Asfaltata;Orizzontale;Sereno;Normale;Insufficiente;Sufficiente;0;0;0;4;;;-1;1;Autovettura privata;In marcia / fermata / arresto;Passeggero;M;Illeso;0;;Non accertato;Inesistente
1686749;13;25/06/2006 02:35;Strada Urbana;VIALE DEI ROMAGNOLI;all'intersezione con;VIA GIOVANNI ANTONIO ANTOLINI;VIA GIOVANNI ANTONIO ANTOLINI;;;Scontro frontale/laterale DX fra veicoli in marcia;Incrocio;Una carreggiata a doppio senso;Asciutto;Asfaltata;Orizzontale;Sereno;Normale;Insufficiente;Sufficiente;0;0;0;4;;;-1;2;Autovettura privata;In marcia / fermata / arresto;Conducente;M;Illeso;0;;Non accertato;Inesistente
1686750;13;25/06/2006 04:15;Strada Urbana;VIA DELL'APPAGLIATORE;all'intersezione con;VIA DELLE EBRIDI;VIA DELLE EBRIDI;;;Scontro laterale fra veicoli in marcia;Intersezione stradale segnalata;Una carreggiata a doppio senso;Asciutto;Asfaltata;Verticale ed orizzontale;Sereno;Scarso;Buona;Sufficiente;0;0;0;3;;;-1;1;Autovettura privata;In marcia / fermata / arresto;Conducente;M;Illeso;0;;Utilizzato;Inesistente
1686750;13;25/06/2006 04:15;Strada Urbana;VIA DELL'APPAGLIATORE;all'intersezione con;VIA DELLE EBRIDI;VIA DELLE EBRIDI;;;Scontro laterale fra veicoli in marcia;Intersezione stradale segnalata;Una carreggiata a doppio senso;Asciutto;Asfaltata;Verticale ed orizzontale;Sereno;Scarso;Buona;Sufficiente;0;0;0;3;;;-1;1;Autovettura privata;In marcia / fermata / arresto;Passeggero;F;Illeso;0;;Utilizzato;Inesistente
1686750;13;25/06/2006 04:15;Strada Urbana;VIA DELL'APPAGLIATORE;all'intersezione con;VIA DELLE EBRIDI;VIA DELLE EBRIDI;;;Scontro laterale fra veicoli in marcia;Intersezione stradale segnalata;Una carreggiata a doppio senso;Asciutto;Asfaltata;Verticale ed orizzontale;Sereno;Scarso;Buona;Sufficiente;0;0;0;3;;;-1;2;Autovettura privata;In marcia / fermata / arresto;Conducente;M;Illeso;0;;Utilizzato;Inesistente
1686751;13;24/06/2006 18:30;Strada Urbana;VIA LIDO DI CASTEL PORZIANO;da specificare;;;;in prossimità VILLA DI PLINIO ;Scontro laterale fra veicoli in marcia;Rettilineo;Una carreggiata a doppio senso;Asciutto;Asfaltata;Orizzontale;Sereno;Normale;Buona;Ore Diurne;2;0;0;0;;;-1;1;Motociclo a solo;In marcia / fermata / arresto;Conducente;M;Rimandato;0;NON DECEDUTO;Non accertato;Inesistente
1686751;13;24/06/2006 18:30;Strada Urbana;VIA LIDO DI CASTEL PORZIANO;da specificare;;;;in prossimità VILLA DI PLINIO ;Scontro laterale fra veicoli in marcia;Rettilineo;Una carreggiata a doppio senso;Asciutto;Asfaltata;Orizzontale;Sereno;Normale;Buona;Ore Diurne;2;0;0;0;;;-1;2;Velocipede;In marcia / fermata / arresto;Conducente;F;Rimandato;0;NON DECEDUTO;Esente;Inesistente
1686752;15;23/06/2006 07:55;Strada Urbana;VIA DEL TRULLO;in corrispondenza;;del civico n. ;455;;Scontro frontale/laterale DX fra veicoli in marcia;Rettilineo;Una carreggiata a senso unico di marcia;Asciutto;Asfaltata;Orizzontale;Sereno;Normale;Buona;Ore Diurne;1;0;0;1;;;-1;1;Autovettura privata;In marcia / fermata / arresto;Conducente;M;Illeso;0;;Utilizzato;Inesistente
1686752;15;23/06/2006 07:55;Strada Urbana;VIA DEL TRULLO;in corrispondenza;;del civico n. ;455;;Scontro frontale/laterale DX fra veicoli in marcia;Rettilineo;Una carreggiata a senso unico di marcia;Asciutto;Asfaltata;Orizzontale;Sereno;Normale;Buona;Ore Diurne;1;0;0;1;;;-1;2;Motociclo a solo;In marcia / fermata / arresto;Conducente;M;Rimandato;0;NON DECEDUTO;Utilizzato;Inesistente
1686753;15;23/06/2006 19:30;Strada Urbana;VIA SAN RAFFAELE CIMENA;all'intersezione con;VIA CAMPAGNATICO;VIA CAMPAGNATICO;;;Scontro laterale fra veicoli in marcia;Incrocio;Una carreggiata a doppio senso;Asciutto;Asfaltata;Assente;Sereno;Scarso;Buona;Sufficiente;0;0;0;2;;;-1;1;Autovettura privata;In marcia / fermata / arresto;Conducente;M;Illeso;0;;Utilizzato;Inesistente
1686753;15;23/06/2006 19:30;Strada Urbana;VIA SAN RAFFAELE CIMENA;all'intersezione con;VIA CAMPAGNATICO;VIA CAMPAGNATICO;;;Scontro laterale fra veicoli in marcia;Incrocio;Una carreggiata a doppio senso;Asciutto;Asfaltata;Assente;Sereno;Scarso;Buona;Sufficiente;0;0;0;2;;;-1;2;Autovettura privata;In marcia / fermata / arresto;Conducente;F;Illeso;0;;Utilizzato;Inesistente
1686754;15;23/06/2006 20:50;Strada Urbana;VIA DELLA MAGLIANA;da specificare;;;;prossimità viadotto;Infortunio per caduta del veicolo;Dosso;Una carreggiata a senso unico di marcia;Asciutto;Strada pavimentata dissestata;Verticale ed orizzontale;Sereno;Normale;Sufficiente;Ore Diurne;2;0;0;0;;;-1;1;Ciclomotore;In marcia / fermata / arresto;Conducente;F;Rimandato;0;NON DECEDUTO;Utilizzato;Inesistente
1686754;15;23/06/2006 20:50;Strada Urbana;VIA DELLA MAGLIANA;da specificare;;;;prossimità viadotto;Infortunio per caduta del veicolo;Dosso;Una carreggiata a senso unico di marcia;Asciutto;Strada pavimentata dissestata;Verticale ed orizzontale;Sereno;Normale;Sufficiente;Ore Diurne;2;0;0;0;;;-1;1;Ciclomotore;In marcia / fermata / arresto;Passeggero;F;Rimandato;0;NON DECEDUTO;Non accertato;Inesistente
1686755;15;23/06/2006 21:15;Strada Urbana;VIA QUIRINO MAJORANA;in corrispondenza;;del civico n. ;110;;Scontro frontale/laterale SX fra veicoli in marcia;Rettilineo;Due carreggiate;Asciutto;Asfaltata;Verticale ed orizzontale;Sereno;Normale;Buona;Sufficiente;1;0;0;4;;;-1;1;Autovettura privata;In marcia / fermata / arresto;Conducente;M;Illeso;0;;Utilizzato;Inesistente
1686755;15;23/06/2006 21:15;Strada Urbana;VIA QUIRINO MAJORANA;in corrispondenza;;del civico n. ;110;;Scontro frontale/laterale SX fra veicoli in marcia;Rettilineo;Due carreggiate;Asciutto;Asfaltata;Verticale ed orizzontale;Sereno;Normale;Buona;Sufficiente;1;0;0;4;;;-1;1;Autovettura privata;In marcia / fermata / arresto;Passeggero;M;Illeso;0;;Utilizzato;Inesploso
1686755;15;23/06/2006 21:15;Strada Urbana;VIA QUIRINO MAJORANA;in corrispondenza;;del civico n. ;110;;Scontro frontale/laterale SX fra veicoli in marcia;Rettilineo;Due carreggiate;Asciutto;Asfaltata;Verticale ed orizzontale;Sereno;Normale;Buona;Sufficiente;1;0;0;4;;;-1;1;Autovettura privata;In marcia / fermata / arresto;Passeggero;M;Illeso;0;;Utilizzato;Inesploso
1686755;15;23/06/2006 21:15;Strada Urbana;VIA QUIRINO MAJORANA;in corrispondenza;;del civico n. ;110;;Scontro frontale/laterale SX fra veicoli in marcia;Rettilineo;Due carreggiate;Asciutto;Asfaltata;Verticale ed orizzontale;Sereno;Normale;Buona;Sufficiente;1;0;0;4;;;-1;2;Motociclo a solo;In marcia / fermata / arresto;Conducente;M;Rimandato;0;NON DECEDUTO;Utilizzato;Inesistente
1686755;15;23/06/2006 21:15;Strada Urbana;VIA QUIRINO MAJORANA;in corrispondenza;;del civico n. ;110;;Scontro frontale/laterale SX fra veicoli in marcia;Rettilineo;Due carreggiate;Asciutto;Asfaltata;Verticale ed orizzontale;Sereno;Normale;Buona;Sufficiente;1;0;0;4;;;-1;2;Motociclo a solo;In marcia / fermata / arresto;Passeggero;M;Illeso;0;;Non accertato;Inesistente
1686756;15;24/06/2006 08:50;Strada Urbana;VIA DEL TRULLO;all'intersezione con;VIA LAMPORECCHIO;VIA LAMPORECCHIO;;;Scontro laterale fra veicoli in marcia;Incrocio;Due carreggiate;Asciutto;Asfaltata;Orizzontale;Sereno;Normale;Buona;Ore Diurne;0;0;0;2;;;-1;1;Autovettura privata;In marcia / fermata / arresto;Conducente;M;Illeso;0;;Non accertato;Inesploso
1686756;15;24/06/2006 08:50;Strada Urbana;VIA DEL TRULLO;all'intersezione con;VIA LAMPORECCHIO;VIA LAMPORECCHIO;;;Scontro laterale fra veicoli in marcia;Incrocio;Due carreggiate;Asciutto;Asfaltata;Orizzontale;Sereno;Normale;Buona;Ore Diurne;0;0;0;2;;;-1;2;Motociclo a solo;In marcia / fermata / arresto;Conducente;M;Illeso;0;;Non accertato;Inesistente
1686757;15;24/06/2006 10:00;Strada Urbana;VIA DEL TRULLO;all'intersezione con;VIA LICCIANA NARDI;VIA LICCIANA NARDI;;;Tamponamento;Intersezione non regolata/non segnalata;Due carreggiate;Asciutto;Asfaltata;Orizzontale;Sereno;Normale;Buona;Ore Diurne;1;0;0;1;;;-1;1;Autovettura privata;In marcia / fermata / arresto;Conducente;F;Illeso;0;;Non accertato;Inesistente
1686757;15;24/06/2006 10:00;Strada Urbana;VIA DEL TRULLO;all'intersezione con;VIA LICCIANA NARDI;VIA LICCIANA NARDI;;;Tamponamento;Intersezione non regolata/non segnalata;Due carreggiate;Asciutto;Asfaltata;Orizzontale;Sereno;Normale;Buona;Ore Diurne;1;0;0;1;;;-1;2;Motociclo a solo;In marcia / fermata / arresto;Conducente;F;Rimandato;0;NON DECEDUTO;Non accertato;Inesistente
1686758;15;24/06/2006 10:10;Strada Urbana;VIA ODERISI DA GUBBIO;in prossimità;;del civico n. ;23;;Veicolo in marcia contro veicolo in sosta;Rettilineo;Una carreggiata a doppio senso;Asciutto;Asfaltata;Orizzontale;Sereno;Normale;Buona;Ore Diurne;0;0;0;1;;;-1;1;Autovettura privata;In marcia / fermata / arresto;Conducente;M;Illeso;0;;Utilizzato;Inesploso
1686759;15;24/06/2006 11:30;Strada Urbana;VIA DEL TEMPIO DEGLI ARVALI;da specificare;;;;FRONTE INGRESSO STAZIONE MAGLIANA;Investimento di pedone;Rettilineo;Una carreggiata a doppio senso;Asciutto;Asfaltata;Orizzontale;Sereno;Normale;Buona;Ore Diurne;1;0;0;1;;;-1;;;;Pedone;M;Rimandato;0;NON DECEDUTO;;
1686759;15;24/06/2006 11:30;Strada Urbana;VIA DEL TEMPIO DEGLI ARVALI;da specificare;;;;FRONTE INGRESSO STAZIONE MAGLIANA;Investimento di pedone;Rettilineo;Una carreggiata a doppio senso;Asciutto;Asfaltata;Orizzontale;Sereno;Normale;Buona;Ore Diurne;1;0;0;1;;;-1;1;Autovettura privata;In marcia / fermata / arresto;Conducente;M;Illeso;0;;Utilizzato;Esploso
1686760;15;24/06/2006 16:30;Strada Urbana;VIA ODERISI DA GUBBIO;all'intersezione semaforizzata con;VIA QUIRINO MAJORANA;VIA QUIRINO MAJORANA;;;Infortunio per caduta del veicolo;Intersezione semaforizzata;Una carreggiata a doppio senso;Asciutto;Asfaltata;Verticale ed orizzontale;Sereno;Normale;Buona;Ore Diurne;1;0;0;1;;;-1;1;Motociclo a solo;In marcia / fermata / arresto;Conducente;M;Rimandato;0;NON DECEDUTO;Utilizzato;Inesistente
1686760;15;24/06/2006 16:30;Strada Urbana;VIA ODERISI DA GUBBIO;all'intersezione semaforizzata con;VIA QUIRINO MAJORANA;VIA QUIRINO MAJORANA;;;Infortunio per caduta del veicolo;Intersezione semaforizzata;Una carreggiata a doppio senso;Asciutto;Asfaltata;Verticale ed orizzontale;Sereno;Normale;Buona;Ore Diurne;1;0;0;1;;;-1;2;Autovettura privata;In marcia / fermata / arresto;Conducente;F;Illeso;0;;Non accertato;Inesistente
1686761;15;24/06/2006 18:00;Strada Urbana;LUNGOTEVERE DI PIETRA PAPA;in prossimità;;del civico n. ;2;;Scontro frontale/laterale SX fra veicoli in marcia;Curva a visuale libera;Due carreggiate;Asciutto;Asfaltata;Orizzontale;Sereno;Scarso;Buona;Ore Diurne;0;0;0;4;;;-1;1;Autovettura privata;In marcia / fermata / arresto;Conducente;M;Illeso;0;;Utilizzato;Inesistente
1686761;15;24/06/2006 18:00;Strada Urbana;LUNGOTEVERE DI PIETRA PAPA;in prossimità;;del civico n. ;2;;Scontro frontale/laterale SX fra veicoli in marcia;Curva a visuale libera;Due carreggiate;Asciutto;Asfaltata;Orizzontale;Sereno;Scarso;Buona;Ore Diurne;0;0;0;4;;;-1;1;Autovettura privata;In marcia / fermata / arresto;Passeggero;F;Illeso;0;;Utilizzato;Inesistente
1686761;15;24/06/2006 18:00;Strada Urbana;LUNGOTEVERE DI PIETRA PAPA;in prossimità;;del civico n. ;2;;Scontro frontale/laterale SX fra veicoli in marcia;Curva a visuale libera;Due carreggiate;Asciutto;Asfaltata;Orizzontale;Sereno;Scarso;Buona;Ore Diurne;0;0;0;4;;;-1;1;Autovettura privata;In marcia / fermata / arresto;Passeggero;F;Illeso;0;;Utilizzato;Inesistente
1686761;15;24/06/2006 18:00;Strada Urbana;LUNGOTEVERE DI PIETRA PAPA;in prossimità;;del civico n. ;2;;Scontro frontale/laterale SX fra veicoli in marcia;Curva a visuale libera;Due carreggiate;Asciutto;Asfaltata;Orizzontale;Sereno;Scarso;Buona;Ore Diurne;0;0;0;4;;;-1;2;Autovettura privata;In marcia / fermata / arresto;Conducente;M;Illeso;0;;Non utilizzato;Inesistente
1686762;15;25/06/2006 17:05;Strada Urbana;VIA PORTUENSE;da specificare;;;;rampa accesso Via Newton dir. EUR;Veicolo in marcia contro ostacolo fisso;Rettilineo;Una carreggiata a senso unico di marcia;Asciutto;Asfaltata;Verticale ed orizzontale;Sereno;Scarso;Buona;Ore Diurne;2;0;0;1;;;-1;1;Autovettura privata;In marcia / fermata / arresto;Conducente;M;Illeso;0;;Non accertato;Inesistente
1686762;15;25/06/2006 17:05;Strada Urbana;VIA PORTUENSE;da specificare;;;;rampa accesso Via Newton dir. EUR;Veicolo in marcia contro ostacolo fisso;Rettilineo;Una carreggiata a senso unico di marcia;Asciutto;Asfaltata;Verticale ed orizzontale;Sereno;Scarso;Buona;Ore Diurne;2;0;0;1;;;-1;1;Autovettura privata;In marcia / fermata / arresto;Passeggero;M;Rimandato;0;NON DECEDUTO;Non accertato;Inesistente
1686762;15;25/06/2006 17:05;Strada Urbana;VIA PORTUENSE;da specificare;;;;rampa accesso Via Newton dir. EUR;Veicolo in marcia contro ostacolo fisso;Rettilineo;Una carreggiata a senso unico di marcia;Asciutto;Asfaltata;Verticale ed orizzontale;Sereno;Scarso;Buona;Ore Diurne;2;0;0;1;;;-1;1;Autovettura privata;In marcia / fermata / arresto;Passeggero;M;Rimandato;0;NON DECEDUTO;Non accertato;Inesistente
1686763;15;25/06/2006 17:30;Strada Urbana;VIA GIUSEPPE TROIANI;all'intersezione con;VIA GIUSEPPE LUNATI;VIA GIUSEPPE LUNATI;;;Scontro frontale/laterale SX fra veicoli in marcia;Incrocio;Una carreggiata a doppio senso;Asciutto;Asfaltata;Verticale;Sereno;Scarso;Buona;Ore Diurne;1;0;0;2;;;-1;1;Motociclo con passeggero;In marcia / fermata / arresto;Conducente;M;Rimandato;0;NON DECEDUTO;Utilizzato;Inesistente
1686763;15;25/06/2006 17:30;Strada Urbana;VIA GIUSEPPE TROIANI;all'intersezione con;VIA GIUSEPPE LUNATI;VIA GIUSEPPE LUNATI;;;Scontro frontale/laterale SX fra veicoli in marcia;Incrocio;Una carreggiata a doppio senso;Asciutto;Asfaltata;Verticale;Sereno;Scarso;Buona;Ore Diurne;1;0;0;2;;;-1;1;Motociclo con passeggero;In marcia / fermata / arresto;Passeggero;F;Illeso;0;;Non accertato;Inesistente
1686763;15;25/06/2006 17:30;Strada Urbana;VIA GIUSEPPE TROIANI;all'intersezione con;VIA GIUSEPPE LUNATI;VIA GIUSEPPE LUNATI;;;Scontro frontale/laterale SX fra veicoli in marcia;Incrocio;Una carreggiata a doppio senso;Asciutto;Asfaltata;Verticale;Sereno;Scarso;Buona;Ore Diurne;1;0;0;2;;;-1;2;Autovettura privata;In marcia / fermata / arresto;Conducente;M;Illeso;0;;Utilizzato;Inesistente
1686764;15;25/06/2006 18:40;Strada Urbana;VIA DELLA MAGLIANA;all'intersezione con;VIA DELLE VIGNE;VIA DELLE VIGNE;;;Scontro laterale fra veicoli in marcia;Incrocio;Una carreggiata a doppio senso;Asciutto;Asfaltata;Verticale ed orizzontale;Sereno;Normale;Sufficiente;Ore Diurne;0;0;0;2;;;-1;1;Autovettura privata;In marcia / fermata / arresto;Conducente;M;Illeso;0;;Utilizzato;Inesistente
1686764;15;25/06/2006 18:40;Strada Urbana;VIA DELLA MAGLIANA;all'intersezione con;VIA DELLE VIGNE;VIA DELLE VIGNE;;;Scontro laterale fra veicoli in marcia;Incrocio;Una carreggiata a doppio senso;Asciutto;Asfaltata;Verticale ed orizzontale;Sereno;Normale;Sufficiente;Ore Diurne;0;0;0;2;;;-1;2;Motociclo a solo;In marcia / fermata / arresto;Conducente;M;Illeso;0;;Utilizzato;Inesistente
1686765;15;25/06/2006 22:40;Strada Urbana;VIA GIOVANNI VOLPATO;in prossimità;;del civico n. ;10;;Infortunio per caduta del veicolo;Rettilineo;Una carreggiata a doppio senso;Asciutto;Asfaltata;Orizzontale;Sereno;Scarso;Buona;Sufficiente;2;0;0;0;;;-1;1;Ciclomotore;In marcia / fermata / arresto;Conducente;M;Rimandato;0;NON DECEDUTO;Utilizzato;Inesistente
1686765;15;25/06/2006 22:40;Strada Urbana;VIA GIOVANNI VOLPATO;in prossimità;;del civico n. ;10;;Infortunio per caduta del veicolo;Rettilineo;Una carreggiata a doppio senso;Asciutto;Asfaltata;Orizzontale;Sereno;Scarso;Buona;Sufficiente;2;0;0;0;;;-1;1;Ciclomotore;In marcia / fermata / arresto;Passeggero;M;Ricoverato;0;NON DECEDUTO;Non accertato;Inesistente
1686766;16;25/06/2006 18:15;Strada Urbana;VIA OTTAVIO GASPARRI;all'intersezione semaforizzata con;CIRCONVALLAZIONE GIANICOLENSE;CIRCONVALLAZIONE GIANICOLENSE;;;Scontro laterale fra veicoli in marcia;Incrocio;Due carreggiate;Asciutto;Asfaltata;Verticale ed orizzontale;Sereno;Normale;Buona;Ore Diurne;2;0;0;2;;;-1;1;Motociclo con passeggero;In marcia / fermata / arresto;Conducente;M;Rimandato;0;NON DECEDUTO;Utilizzato;Inesistente
1686766;16;25/06/2006 18:15;Strada Urbana;VIA OTTAVIO GASPARRI;all'intersezione semaforizzata con;CIRCONVALLAZIONE GIANICOLENSE;CIRCONVALLAZIONE GIANICOLENSE;;;Scontro laterale fra veicoli in marcia;Incrocio;Due carreggiate;Asciutto;Asfaltata;Verticale ed orizzontale;Sereno;Normale;Buona;Ore Diurne;2;0;0;2;;;-1;1;Motociclo con passeggero;In marcia / fermata / arresto;Passeggero;F;Rimandato;0;NON DECEDUTO;Utilizzato;Inesistente